csv_index,row
0,0
18,18
19,19
28,28
34,34
61,61
82,82
89,89
101,101
103,103
104,104
112,112
114,114
136,136
150,150
153,153
158,158
182,182
185,185
189,189
206,206
216,216
229,229
231,231
242,242
244,244
253,253
257,257
267,267
293,293
301,301
308,308
315,315
335,335
347,347
371,371
377,377
386,386
390,390
397,397
411,411
417,417
431,431
432,432
443,443
445,445
450,450
460,460
466,466
486,486
502,502
504,504
513,513
535,535
538,538
546,546
547,547
576,576
579,579
597,597
599,599
608,608
613,613
622,622
626,626
642,642
672,672
677,677
679,679
680,680
719,719
724,724
726,726
730,730
754,754
756,756
760,760
771,771
782,782
795,795
804,804
821,821
836,836
840,840
856,856
859,859
862,862
863,863
891,891
895,895
915,915
917,917
934,934
943,943
944,944
980,980
985,985
988,988
991,991
996,996
1003,1003
1006,1006
1010,1010
1030,1030
1034,1034
1035,1035
1045,1045
1087,1087
1099,1099
1100,1100
1108,1108
1117,1117
1134,1134
1146,1146
1153,1153
1154,1154
1157,1157
1159,1159
1161,1161
1176,1176
1198,1198
1210,1210
1213,1213
1217,1217
1230,1230
1248,1248
1280,1280
1283,1283
1295,1295
1305,1305
1315,1315
1324,1324
1331,1331
1338,1338
1341,1341
1349,1349
1363,1363
1378,1378
1385,1385
1400,1400
1421,1421
1424,1424
1442,1442
1444,1444
1448,1448
1450,1450
1470,1470
1471,1471
1478,1478
1482,1482
1511,1511
1512,1512
1525,1525
1529,1529
1539,1539
1544,1544
1562,1562
1572,1572
1580,1580
1593,1593
1601,1601
1608,1608
1635,1635
1642,1642
1654,1654
1656,1656
1666,1666
1672,1672
1684,1684
1694,1694
1698,1698
1711,1711
1719,1719
1731,1731
1751,1751
1753,1753
1777,1777
1780,1780
1798,1798
1800,1800
1810,1810
1812,1812
1820,1820
1828,1828
1842,1842
1862,1862
1872,1872
1886,1886
1910,1910
1916,1916
1919,1919
1922,1922
1925,1925
1931,1931
1932,1932
1936,1936
1938,1938
1953,1953
1955,1955
1956,1956
1962,1962
1983,1983
2004,2004
2018,2018
2041,2041
2050,2050
2054,2054
2074,2074
2093,2093
2098,2098
2105,2105
2108,2108
2114,2114
2115,2115
2128,2128
2131,2131
2144,2144
2155,2155
2167,2167
2179,2179
2188,2188
2194,2194
2195,2195
2207,2207
2249,2249
2261,2261
2270,2270
2275,2275
2300,2300
2307,2307
2320,2320
2322,2322
2325,2325
2328,2328
2343,2343
2350,2350
2356,2356
2359,2359
2372,2372
2388,2388
2389,2389
2395,2395
2398,2398
2401,2401
2416,2416
2423,2423
2449,2449
2463,2463
2470,2470
2480,2480
2503,2503
2504,2504
2521,2521
2544,2544
2553,2553
2566,2566
2577,2577
2580,2580
2591,2591
2595,2595
2599,2599
2602,2602
2603,2603
2632,2632
2640,2640
2650,2650
2652,2652
2665,2665
2687,2687
2689,2689
2692,2692
2699,2699
2701,2701
2716,2716
2718,2718
2733,2733
2738,2738
2755,2755
2760,2760
2775,2775
2777,2777
2778,2778
2811,2811
2820,2820
2823,2823
2839,2839
2865,2865
2866,2866
2882,2882
2888,2888
2889,2889
2900,2900
2912,2912
2915,2915
2930,2930
2939,2939
2946,2946
2955,2955
2966,2966
2967,2967
2981,2981
3021,3021
3031,3031
3038,3038
3052,3052
3057,3057
3062,3062
3076,3076
3078,3078
3079,3079
3088,3088
3107,3107
3121,3121
3125,3125
3129,3129
3141,3141
3153,3153
3155,3155
3162,3162
3173,3173
3179,3179
3189,3189
3217,3217
3221,3221
3237,3237
3239,3239
3246,3246
3254,3254
3263,3263
3265,3265
3279,3279
3287,3287
3304,3304
3311,3311
3328,3328
3333,3333
3350,3350
3351,3351
3357,3357
3362,3362
3385,3385
3403,3403
3418,3418
3424,3424
3426,3426
3444,3444
3457,3457
3465,3465
3474,3474
3475,3475
3487,3487
3508,3508
3523,3523
3529,3529
3531,3531
3556,3556
3567,3567
3599,3599
3600,3600
3605,3605
3615,3615
3617,3617
3624,3624
3636,3636
3638,3638
3642,3642
3648,3648
3652,3652
3660,3660
3693,3693
3714,3714
3723,3723
3730,3730
3733,3733
3742,3742
3743,3743
3747,3747
3756,3756
3767,3767
3771,3771
3792,3792
3822,3822
3834,3834
3848,3848
3851,3851
3853,3853
3866,3866
3871,3871
3876,3876
3883,3883
3886,3886
3901,3901
3903,3903
3950,3950
3960,3960
3966,3966
3968,3968
3973,3973
3975,3975
3976,3976
3980,3980
4012,4012
4025,4025
4034,4034
4041,4041
4045,4045
4047,4047
4067,4067
4069,4069
4070,4070
4079,4079
4082,4082
4102,4102
4113,4113
4118,4118
4122,4122
4132,4132
4137,4137
4140,4140
4150,4150
4157,4157
4168,4168
4177,4177
4192,4192
4217,4217
4261,4261
4281,4281
4282,4282
4286,4286
4288,4288
4290,4290
4308,4308
4313,4313
4314,4314
4322,4322
4340,4340
4344,4344
4347,4347
4354,4354
4364,4364
4365,4365
4395,4395
4396,4396
4408,4408
4409,4409
4426,4426
4431,4431
4465,4465
4470,4470
4474,4474
4477,4477
4480,4480
4502,4502
4507,4507
4522,4522
4523,4523
4552,4552
4553,4553
4571,4571
4574,4574
4576,4576
4607,4607
4617,4617
4618,4618
4619,4619
4633,4633
4634,4634
4639,4639
4652,4652
4658,4658
4663,4663
4668,4668
4687,4687
4693,4693
4696,4696
4709,4709
4718,4718
4730,4730
4744,4744
4763,4763
4771,4771
4777,4777
4790,4790
4820,4820
4830,4830
4831,4831
4839,4839
4857,4857
4866,4866
4877,4877
4884,4884
4906,4906
4908,4908
4922,4922
4974,4974
4976,4976
4981,4981
4990,4990
4994,4994
4995,4995
5000,5000
5017,5017
5035,5035
5044,5044
5049,5049
5052,5052
5053,5053
5061,5061
5080,5080
5086,5086
5095,5095
5098,5098
5120,5120
5121,5121
5125,5125
5128,5128
5154,5154
5168,5168
5173,5173
5178,5178
5193,5193
5204,5204
5205,5205
5210,5210
5220,5220
5244,5244
5258,5258
5263,5263
5267,5267
5275,5275
5281,5281
5283,5283
5304,5304
5328,5328
5338,5338
5342,5342
5351,5351
5360,5360
5377,5377
5395,5395
5401,5401
5406,5406
5415,5415
5423,5423
5424,5424
5442,5442
5465,5465
5471,5471
5479,5479
5482,5482
5492,5492
5493,5493
5498,5498
5514,5514
5518,5518
5552,5552
5556,5556
5587,5587
5590,5590
5608,5608
5613,5613
5617,5617
5636,5636
5643,5643
5649,5649
5663,5663
5665,5665
5669,5669
5679,5679
5687,5687
5690,5690
5694,5694
5724,5724
5738,5738
5748,5748
5762,5762
5763,5763
5765,5765
5767,5767
5784,5784
5794,5794
5805,5805
5810,5810
5833,5833
5888,5888
5897,5897
5905,5905
5912,5912
5921,5921
5934,5934
5936,5936
5948,5948
5951,5951
5957,5957
5961,5961
5964,5964
5971,5971
5975,5975
5986,5986
5999,5999
6008,6008
6026,6026
6035,6035
6046,6046
6063,6063
6064,6064
6072,6072
6080,6080
6095,6095
6105,6105
6109,6109
6114,6114
6130,6130
6131,6131
6143,6143
6147,6147
6148,6148
6149,6149
6166,6166
6167,6167
6182,6182
6192,6192
6233,6233
6235,6235
6242,6242
6246,6246
6247,6247
6249,6249
6262,6262
6286,6286
6301,6301
6307,6307
6315,6315
6337,6337
6340,6340
6352,6352
6381,6381
6386,6386
6388,6388
6407,6407
6409,6409
6410,6410
6412,6412
6427,6427
6447,6447
6460,6460
6466,6466
6470,6470
6481,6481
6483,6483
6484,6484
6489,6489
6500,6500
6502,6502
6521,6521
6539,6539
6542,6542
6554,6554
6579,6579
6594,6594
6600,6600
6613,6613
6641,6641
6643,6643
6646,6646
6666,6666
6673,6673
6690,6690
6702,6702
6711,6711
6718,6718
6719,6719
6750,6750
6763,6763
6768,6768
6779,6779
6787,6787
6797,6797
6808,6808
6815,6815
6816,6816
6828,6828
6861,6861
6862,6862
6863,6863
6865,6865
6871,6871
6875,6875
6896,6896
6909,6909
6917,6917
6921,6921
6924,6924
6929,6929
6969,6969
6975,6975
6982,6982
6987,6987
6988,6988
6997,6997
7008,7008
7025,7025
7026,7026
7027,7027
7038,7038
7053,7053
7077,7077
7101,7101
7117,7117
7129,7129
7131,7131
7141,7141
7144,7144
7154,7154
7158,7158
7159,7159
7166,7166
7169,7169
7182,7182
7186,7186
7189,7189
7218,7218
7255,7255
7262,7262
7263,7263
7264,7264
7266,7266
7267,7267
7275,7275
7299,7299
7304,7304
7309,7309
7315,7315
7335,7335
7339,7339
7348,7348
7351,7351
7355,7355
7358,7358
7361,7361
7383,7383
7391,7391
7409,7409
7439,7439
7441,7441
7445,7445
7449,7449
7457,7457
7464,7464
7467,7467
7479,7479
7480,7480
7503,7503
7519,7519
7539,7539
7547,7547
7563,7563
7568,7568
7570,7570
7575,7575
7598,7598
7614,7614
7616,7616
7621,7621
7631,7631
7642,7642
7657,7657
7663,7663
7678,7678
7679,7679
7704,7704
7710,7710
7711,7711
7728,7728
7729,7729
7731,7731
7733,7733
7746,7746
7758,7758
7769,7769
7774,7774
7805,7805
7814,7814
7832,7832
7852,7852
7860,7860
7866,7866
7873,7873
7875,7875
7876,7876
7880,7880
7882,7882
7910,7910
7929,7929
7936,7936
7961,7961
7962,7962
7964,7964
7975,7975
7982,7982
7987,7987
8007,8007
8013,8013
8029,8029
8046,8046
8047,8047
8082,8082
8099,8099
8109,8109
8115,8115
8130,8130
8134,8134
8136,8136
8142,8142
8144,8144
8151,8151
8155,8155
8174,8174
8185,8185
8194,8194
8200,8200
8213,8213
8226,8226
8253,8253
8256,8256
8257,8257
8273,8273
8278,8278
8300,8300
8303,8303
8308,8308
8312,8312
8329,8329
8335,8335
8338,8338
8340,8340
8349,8349
8372,8372
8389,8389
8394,8394
8412,8412
8426,8426
8437,8437
8443,8443
8449,8449
8454,8454
8458,8458
8476,8476
8493,8493
8503,8503
8520,8520
8523,8523
8524,8524
8528,8528
8536,8536
8541,8541
8545,8545
8551,8551
8552,8552
8586,8586
8592,8592
8639,8639
8643,8643
8650,8650
8651,8651
8652,8652
8653,8653
8656,8656
8664,8664
8667,8667
8703,8703
8705,8705
8715,8715
8727,8727
8742,8742
8744,8744
8748,8748
8773,8773
8785,8785
8787,8787
8791,8791
8794,8794
8815,8815
8829,8829
8840,8840
8861,8861
8879,8879
8893,8893
8899,8899
8902,8902
8909,8909
8911,8911
8914,8914
8928,8928
8953,8953
8992,8992
8993,8993
9015,9015
9021,9021
9026,9026
9032,9032
9045,9045
9048,9048
9050,9050
9051,9051
9062,9062
9083,9083
9086,9086
9097,9097
9108,9108
9109,9109
9112,9112
9129,9129
9136,9136
9137,9137
9163,9163
9174,9174
9187,9187
9192,9192
9196,9196
9209,9209
9211,9211
9224,9224
9231,9231
9254,9254
9272,9272
9300,9300
9305,9305
9315,9315
9318,9318
9321,9321
9329,9329
9332,9332
9342,9342
9346,9346
9356,9356
9382,9382
9396,9396
9397,9397
9401,9401
9409,9409
9423,9423
9426,9426
9429,9429
9445,9445
9450,9450
9451,9451
9453,9453
9468,9468
9497,9497
9503,9503
9529,9529
9530,9530
9534,9534
9545,9545
9559,9559
9565,9565
9568,9568
9573,9573
9581,9581
9599,9599
9611,9611
9624,9624
9639,9639
9656,9656
9658,9658
9677,9677
9684,9684
9686,9686
9716,9716
9720,9720
9729,9729
9733,9733
9744,9744
9747,9747
9751,9751
9764,9764
9772,9772
9779,9779
9792,9792
9800,9800
9801,9801
9823,9823
9857,9857
9868,9868
9870,9870
9873,9873
9882,9882
9890,9890
9897,9897
9917,9917
9933,9933
9942,9942
9949,9949
9963,9963
9964,9964
9965,9965
9968,9968
9973,9973
9993,9993
